Day,Date,Weekday,Reading,Chapters,Words,Cumulative Words,Progress %
1,2026-09-28,Monday,2 Nephi 28–33; Jacob 1,7,5521,5521,1.1
2,2026-09-29,Tuesday,Jacob 2–5,4,6666,12187,2.4
3,2026-09-30,Wednesday,Jacob 6–7; Enos 1; Jarom 1,4,3638,15825,3.1
4,2026-10-01,Thursday,Omni 1; Words of Mormon 1; Mosiah 1–2,4,5327,21152,4.1
5,2026-10-02,Friday,Mosiah 3–8,6,6249,27401,5.3
6,2026-10-03,Saturday,Mosiah 9–13,5,5433,32834,6.4
7,2026-10-04,Sunday,Mosiah 14–19,6,5014,37848,7.4
8,2026-10-05,Monday,Mosiah 20–24,5,5042,42890,8.4
9,2026-10-06,Tuesday,Mosiah 25–29,5,6320,49210,9.6
10,2026-10-07,Wednesday,Alma 1–4,4,4969,54179,10.6
11,2026-10-08,Thursday,Alma 5–7,3,4609,58788,11.5
12,2026-10-09,Friday,Alma 8–11,4,5635,64423,12.6
13,2026-10-10,Saturday,Alma 12–15,4,5435,69858,13.6
14,2026-10-11,Sunday,Alma 16–19,4,6171,76029,14.8
15,2026-10-12,Monday,Alma 20–23,4,4857,80886,15.8
16,2026-10-13,Tuesday,Alma 24–28,5,5732,86618,16.9
17,2026-10-14,Wednesday,Alma 29–31,3,4837,91455,17.8
18,2026-10-15,Thursday,Alma 32–36,5,6184,97639,19.0
19,2026-10-16,Friday,Alma 37–40,4,4611,102250,19.9
20,2026-10-17,Saturday,Alma 41–44,4,5370,107620,21.0
21,2026-10-18,Sunday,Alma 45–48,4,5357,112977,22.0
22,2026-10-19,Monday,Alma 49–52,4,6504,119481,23.3
23,2026-10-20,Tuesday,Alma 53–56,4,5463,124944,24.4
24,2026-10-21,Wednesday,Alma 57–59,3,3750,128694,25.1
25,2026-10-22,Thursday,Alma 60–63; Helaman 1,5,6871,135565,26.4
26,2026-10-23,Friday,Helaman 2–5,4,5269,140834,27.5
27,2026-10-24,Saturday,Helaman 6–9,4,5623,146457,28.6
28,2026-10-25,Sunday,Helaman 10–13,4,4987,151444,29.5
29,2026-10-26,Monday,Helaman 14–16; 3 Nephi 1–2,5,5197,156641,30.5
30,2026-10-27,Tuesday,3 Nephi 3–6,4,4993,161634,31.5
31,2026-10-28,Wednesday,3 Nephi 7–11,5,5199,166833,32.5
32,2026-10-29,Thursday,3 Nephi 12–17,6,5273,172106,33.6
33,2026-10-30,Friday,3 Nephi 18–23,6,6178,178284,34.8
34,2026-10-31,Saturday,3 Nephi 24–30,7,4853,183137,35.7
35,2026-11-01,Sunday,4 Nephi 1; Mormon 1–4,5,5670,188807,36.8
36,2026-11-02,Monday,Mormon 5–9,5,5703,194510,37.9
37,2026-11-03,Tuesday,Ether 1–6,6,5684,200194,39.0
38,2026-11-04,Wednesday,Ether 7–10,4,4972,205166,40.0
39,2026-11-05,Thursday,Ether 11–15,5,5957,211123,41.2
40,2026-11-06,Friday,Moroni 1–9,9,4966,216089,42.1
41,2026-11-07,Saturday,Moroni 10; Matthew 13–17,6,5329,221418,43.2
42,2026-11-08,Sunday,Matthew 18–23,6,5154,226572,44.2
43,2026-11-09,Monday,Matthew 24–28,5,5447,232019,45.2
44,2026-11-10,Tuesday,Mark 1–6,6,5515,237534,46.3
45,2026-11-11,Wednesday,Mark 7–12,6,5866,243400,47.5
46,2026-11-12,Thursday,Mark 13–16; Luke 1,5,5368,248768,48.5
47,2026-11-13,Friday,Luke 2–6,5,5310,254078,49.5
48,2026-11-14,Saturday,Luke 7–10,4,5089,259167,50.5
49,2026-11-15,Sunday,Luke 11–15,5,5139,264306,51.5
50,2026-11-16,Monday,Luke 16–21,6,5250,269556,52.6
51,2026-11-17,Tuesday,Luke 22–24; John 1–3,6,5845,275401,53.7
52,2026-11-18,Wednesday,John 4–8,5,5910,281311,54.9
53,2026-11-19,Thursday,John 9–13,5,4739,286050,55.8
54,2026-11-20,Friday,John 14–20,7,5475,291525,56.8
55,2026-11-21,Saturday,John 21; Acts 1–6,7,5255,296780,57.9
56,2026-11-22,Sunday,Acts 7–12,6,5796,302576,59.0
57,2026-11-23,Monday,Acts 13–18,6,5286,307862,60.0
58,2026-11-24,Tuesday,Acts 19–24,6,5258,313120,61.1
59,2026-11-25,Wednesday,Acts 25–28; Romans 1–3,7,5223,318343,62.1
60,2026-11-26,Thursday,Romans 4–12,9,5413,323756,63.1
61,2026-11-27,Friday,Romans 13–16; 1 Corinthians 1–7,11,5864,329620,64.3
62,2026-11-28,Saturday,1 Corinthians 8–15,8,5281,334901,65.3
63,2026-11-29,Sunday,1 Corinthians 16; 2 Corinthians 1–10,11,4889,339790,66.3
64,2026-11-30,Monday,2 Corinthians 11–13; Galatians 1–6; Ephesians 1–2,11,5667,345457,67.4
65,2026-12-01,Tuesday,Ephesians 3–6; Philippians 1–4; Colossians 1–2,10,5403,350860,68.4
66,2026-12-02,Wednesday,Colossians 3–4; 1 Thessalonians 1–5; 2 Thessalonians 1–3; 1 Timothy 1–5,15,5462,356322,69.5
67,2026-12-03,Thursday,1 Timothy 6; 2 Timothy 1–4; Titus 1–3; Philemon 1; Hebrews 1–5,14,5350,361672,70.5
68,2026-12-04,Friday,Hebrews 6–13; James 1,9,5544,367216,71.6
69,2026-12-05,Saturday,James 2–5; 1 Peter 1–5; 2 Peter 1–2,11,5305,372521,72.6
70,2026-12-06,Sunday,2 Peter 3; 1 John 1–5; 2 John 1; 3 John 1; Jude 1; Revelation 1–2,11,5595,378116,73.7
71,2026-12-07,Monday,Revelation 3–12,10,4891,383007,74.7
72,2026-12-08,Tuesday,Revelation 13–22,10,5710,388717,75.8
73,2026-12-09,Wednesday,D&C 1–9,9,5167,393884,76.8
74,2026-12-10,Thursday,D&C 10–19,10,6018,399902,78.0
75,2026-12-11,Friday,D&C 20–27,8,4957,404859,78.9
76,2026-12-12,Saturday,D&C 28–37,10,4990,409849,79.9
77,2026-12-13,Sunday,D&C 38–43,6,6135,415984,81.1
78,2026-12-14,Monday,D&C 44–50,7,5538,421522,82.2
79,2026-12-15,Tuesday,D&C 51–58,8,5320,426842,83.2
80,2026-12-16,Wednesday,D&C 59–64,6,5518,432360,84.3
81,2026-12-17,Thursday,D&C 65–75,11,5111,437471,85.3
82,2026-12-18,Friday,D&C 76–81,6,5005,442476,86.3
83,2026-12-19,Saturday,D&C 82–87,6,5091,447567,87.3
84,2026-12-20,Sunday,D&C 88–90,3,5991,453558,88.4
85,2026-12-21,Monday,D&C 91–99,9,5283,458841,89.5
86,2026-12-22,Tuesday,D&C 100–103,4,5586,464427,90.6
87,2026-12-23,Wednesday,D&C 104–106,3,4043,468470,91.4
88,2026-12-24,Thursday,D&C 107–111,5,6423,474893,92.6
89,2026-12-25,Friday,D&C 112–123,12,5470,480363,93.7
90,2026-12-26,Saturday,D&C 124,1,5448,485811,94.7
91,2026-12-27,Sunday,D&C 125–131,7,4449,490260,95.6
92,2026-12-28,Monday,D&C 132–134,3,6160,496420,96.8
93,2026-12-29,Tuesday,D&C 135; D&C 136; D&C 137; D&C 138; Official Declaration 1; Official Declaration 2,6,4987,501407,97.8
94,2026-12-30,Wednesday,Abraham 3–5; Joseph Smith—Matthew 1,4,4625,506032,98.7
95,2026-12-31,Thursday,Joseph Smith—History 1; Articles of Faith 1,2,6786,512818,100.0
